id,title,score,num_comments,author,created_utc,url,over_18,edited,spoiler,stickied
1dfmoyl,Advice from senior DEs to junior DEs,111,84,perfektenschlagggg,2024-06-14 09:20:56,https://www.reddit.com/r/dataengineering/comments/1dfmoyl/advice_from_senior_des_to_junior_des/,False,False,False,False
1dfm9si,How to move up the corporate ladder?,65,55,they_paid_for_it,2024-06-14 08:50:19,https://www.reddit.com/r/dataengineering/comments/1dfm9si/how_to_move_up_the_corporate_ladder/,False,False,False,False
1dg0zt1,Manager & other DE’s have left leaving me with multiple roles of responsibilities. Asked for leadership role and got shafted. Now someone who doesn’t have a clue about Data Platforms is my “Lead” and I’m at the end of my tether.,31,11,seeking-immortality,2024-06-14 20:52:31,https://www.reddit.com/r/dataengineering/comments/1dg0zt1/manager_other_des_have_left_leaving_me_with/,False,False,False,False
1dfxoi5,Can you explain a noob when apache airflow is needed?,16,20,Satoru_Phat,2024-06-14 18:26:32,https://www.reddit.com/r/dataengineering/comments/1dfxoi5/can_you_explain_a_noob_when_apache_airflow_is/,False,False,False,False
1dfr76m,Advantage of Azure Data Factory over Python coding,11,7,liz1218,2024-06-14 13:45:11,https://www.reddit.com/r/dataengineering/comments/1dfr76m/advantage_of_azure_data_factory_over_python_coding/,False,False,False,False
1dfppp0,Learn how to process unstructured data and develop own algorithms,12,6,Ok_Interaction_5701,2024-06-14 12:32:16,https://www.reddit.com/r/dataengineering/comments/1dfppp0/learn_how_to_process_unstructured_data_and/,False,False,False,False
1dfnryr,How to improve SWE practices whilst working on Databricks?,10,4,piri9825,2024-06-14 10:36:32,https://www.reddit.com/r/dataengineering/comments/1dfnryr/how_to_improve_swe_practices_whilst_working_on/,False,False,False,False
1dfnarh,"Senior DEs or DE Managers, have you ever asked a DE job applicant to take a personality test (MBTI)? If so, which personality types were you looking for?",9,21,a212j,2024-06-14 10:03:56,https://www.reddit.com/r/dataengineering/comments/1dfnarh/senior_des_or_de_managers_have_you_ever_asked_a/,False,False,False,False
1dfx2xa,dbt tips & tricks #1,9,4,Datafluent,2024-06-14 18:00:50,https://i.redd.it/9kypte8xtk6d1.jpeg,False,False,False,False
1dfm5i0,Consultants: how do you manage data processes when clients send many messy .csv files? ,8,4,Double-Bar-7839,2024-06-14 08:41:43,https://www.reddit.com/r/dataengineering/comments/1dfm5i0/consultants_how_do_you_manage_data_processes_when/,False,False,False,False
1dfsb5f,The New Wave of Composable Data Systems and LLM Interfaces,6,0,wwwy3y3,2024-06-14 14:34:43,https://www.reddit.com/r/dataengineering/comments/1dfsb5f/the_new_wave_of_composable_data_systems_and_llm/,False,False,False,False
1dfp14v,Force Multiplier Success Stories as data engineer,7,4,Delicious_Attempt_99,2024-06-14 11:54:48,https://www.reddit.com/r/dataengineering/comments/1dfp14v/force_multiplier_success_stories_as_data_engineer/,False,False,False,False
1dfiv6t,Kafka Provider Comparison: Benchmark All Kafka API Compatible Streaming System Together,7,0,wanshao,2024-06-14 04:53:37,https://www.reddit.com/r/dataengineering/comments/1dfiv6t/kafka_provider_comparison_benchmark_all_kafka_api/,False,False,False,False
1dg4885,Can I... just use Azure Fabric Synapse? New job wants me to figure out what to do,6,2,ClimatePhilosopher,2024-06-14 23:21:29,https://www.reddit.com/r/dataengineering/comments/1dg4885/can_i_just_use_azure_fabric_synapse_new_job_wants/,False,False,False,False
1dfwvbl,Help Needed: Python + Flink + Kafka,7,10,shepzuck,2024-06-14 17:51:43,https://www.reddit.com/r/dataengineering/comments/1dfwvbl/help_needed_python_flink_kafka/,False,False,False,False
1dfu2fd,Using Dagster for an Incremental ETL Pipeline,6,0,m3-bs,2024-06-14 15:50:15,https://medium.com/@geradennis/using-dagster-for-an-incremental-etl-pipeline-4f868c118ae6,False,False,False,False
1dfzixk,Prefect Orchestrator - to Boto or not to Boto??,4,2,holdMeClserTonyDanza,2024-06-14 19:48:34,https://www.reddit.com/r/dataengineering/comments/1dfzixk/prefect_orchestrator_to_boto_or_not_to_boto/,False,False,False,False
1dft6n5,Help Needed: Modernising Nightly Data Transfers to SQL Data Warehouse,5,7,Vextus420,2024-06-14 15:12:35,https://www.reddit.com/r/dataengineering/comments/1dft6n5/help_needed_modernising_nightly_data_transfers_to/,False,False,False,False
1dfoqvg,"Open Sourcing DBT pipelines and documentation to model E-commerce profitability on Shopify (+ Facebook Ads, VAT costs, Shipping, Manufacturing, Commission etc)",5,0,TheoDot42,2024-06-14 11:37:57,https://www.reddit.com/r/dataengineering/comments/1dfoqvg/open_sourcing_dbt_pipelines_and_documentation_to/,False,False,False,False
1dg7jon,"You’re suddenly in charge of a database that has disparate sources and ETL processes, what’s your first day/week/month look like?",12,5,Familiar-Canary-4918,2024-06-15 02:15:40,https://www.reddit.com/r/dataengineering/comments/1dg7jon/youre_suddenly_in_charge_of_a_database_that_has/,False,False,False,False
1dflwb6,"Seeking Advice on Efficiently Processing 20,000 Reports Weekly with Retry Mechanism",3,3,FiredNeuron97,2024-06-14 08:22:46,https://www.reddit.com/r/dataengineering/comments/1dflwb6/seeking_advice_on_efficiently_processing_20000/,False,False,False,False
1dfiyyf,Trying to build a predictive model for lead quality based on user info ,5,1,ClenchedCorn77,2024-06-14 05:00:04,https://www.reddit.com/r/dataengineering/comments/1dfiyyf/trying_to_build_a_predictive_model_for_lead/,False,False,False,False
1dg27lz,What exactly can open-sourced Unity Catalog be used for?,3,1,mccarthycodes,2024-06-14 21:47:03,https://www.reddit.com/r/dataengineering/comments/1dg27lz/what_exactly_can_opensourced_unity_catalog_be/,False,False,False,False
1dfywq2,Do I need to upgrade laptop to run Spark?,3,7,workhardplayhardder,2024-06-14 19:20:37,https://www.reddit.com/r/dataengineering/comments/1dfywq2/do_i_need_to_upgrade_laptop_to_run_spark/,False,False,False,False
1dfjlcf,How many of you are using Airflow with something like Kafka?,3,5,engineer_of-sorts,2024-06-14 05:40:00,https://www.reddit.com/r/dataengineering/comments/1dfjlcf/how_many_of_you_are_using_airflow_with_something/,False,False,False,False
1dfud74,Overcoming Pitfalls of Postgres Logical Decoding,2,0,saipeerdb,2024-06-14 16:03:02,https://blog.peerdb.io/overcoming-pitfalls-of-postgres-logical-decoding,False,False,False,False
1dft32e,Querying Timeseries Data Fast,2,1,FalseFaint,2024-06-14 15:08:18,https://www.reddit.com/r/dataengineering/comments/1dft32e/querying_timeseries_data_fast/,False,False,False,False
1dfoa3w,I have a storage problem manipulating data ,2,2,amjdn,2024-06-14 11:09:05,https://www.reddit.com/r/dataengineering/comments/1dfoa3w/i_have_a_storage_problem_manipulating_data/,False,False,False,False
1dfn6yz,Help with Aliasing Columns in Complex Teradata SQL Query with Multiple CTEs,2,0,dontaskabtwhoiam,2024-06-14 09:57:12,https://www.reddit.com/r/dataengineering/comments/1dfn6yz/help_with_aliasing_columns_in_complex_teradata/,False,False,False,False
1dfjk3c,Run Unity Catalog in one command,1,0,Pitah7,2024-06-14 05:37:40,https://www.reddit.com/r/dataengineering/comments/1dfjk3c/run_unity_catalog_in_one_command/,False,False,False,False
1dfjdz6,Need help in understanding ref( ) in dbt,2,1,misaaaa18,2024-06-14 05:26:23,https://www.reddit.com/r/dataengineering/comments/1dfjdz6/need_help_in_understanding_ref_in_dbt/,False,False,False,False
1dg7h74,alteryx vs. google collab?,1,0,Brilliant_Type6215,2024-06-15 02:11:49,https://www.reddit.com/r/dataengineering/comments/1dg7h74/alteryx_vs_google_collab/,False,False,False,False
1dg5jr6,Technical help.,1,0,Newbeginning_,2024-06-15 00:28:29,https://www.reddit.com/r/dataengineering/comments/1dg5jr6/technical_help/,False,False,False,False
1dg3n1c,Spark SQL resource for beginner to Pro?,1,1,OGLisanAlGaib,2024-06-14 22:53:40,https://www.reddit.com/r/dataengineering/comments/1dg3n1c/spark_sql_resource_for_beginner_to_pro/,False,False,False,False
1dg12eh,Obts and Star Schema - hybrid approach,1,1,linuxzinho,2024-06-14 20:55:51,https://www.reddit.com/r/dataengineering/comments/1dg12eh/obts_and_star_schema_hybrid_approach/,False,False,False,False
1dfy542,Looking for certifications to help get my foot in the door,1,6,Aggravating_Sand352,2024-06-14 18:46:27,https://www.reddit.com/r/dataengineering/comments/1dfy542/looking_for_certifications_to_help_get_my_foot_in/,False,False,False,False
1dfw2x4,Transitioning into Data Engineering with a baby and full time job - finding time to study,1,1,teedollas,2024-06-14 17:17:32,https://www.reddit.com/r/dataengineering/comments/1dfw2x4/transitioning_into_data_engineering_with_a_baby/,False,False,False,False
1dftxrl,Scala or Rust?,0,13,El_Mario_Verde,2024-06-14 15:44:32,https://www.reddit.com/r/dataengineering/comments/1dftxrl/scala_or_rust/,False,False,False,False
